https://unbscholar.lib.unb.ca/islandora/object/unbscholar:7033,https://unbscholar.lib.unb.ca/handle/1882/13699
https://unbscholar.lib.unb.ca/islandora/object/unbscholar:6234,https://unbscholar.lib.unb.ca/handle/1882/13462
https://unbscholar.lib.unb.ca/islandora/object/unbscholar:6484,https://unbscholar.lib.unb.ca/handle/1882/14496
https://unbscholar.lib.unb.ca/islandora/object/unbscholar:6604,https://unbscholar.lib.unb.ca/handle/1882/14401
https://unbscholar.lib.unb.ca/islandora/object/unbscholar:6555,https://unbscholar.lib.unb.ca/handle/1882/13528
https://unbscholar.lib.unb.ca/islandora/object/unbscholar:7047,https://unbscholar.lib.unb.ca/handle/1882/14459
https://unbscholar.lib.unb.ca/islandora/object/unbscholar:6542,https://unbscholar.lib.unb.ca/handle/1882/14127
https://unbscholar.lib.unb.ca/islandora/object/unbscholar:6230,https://unbscholar.lib.unb.ca/handle/1882/13949
https://unbscholar.lib.unb.ca/islandora/object/unbscholar:7034,https://unbscholar.lib.unb.ca/handle/1882/14476
https://unbscholar.lib.unb.ca/islandora/object/unbscholar:6452,https://unbscholar.lib.unb.ca/handle/1882/14229
https://unbscholar.lib.unb.ca/islandora/object/unbscholar:6504,https://unbscholar.lib.unb.ca/handle/1882/13513
https://unbscholar.lib.unb.ca/islandora/object/unbscholar:7094,https://unbscholar.lib.unb.ca/handle/1882/13644
https://unbscholar.lib.unb.ca/islandora/object/unbscholar:7123,https://unbscholar.lib.unb.ca/handle/1882/13137
https://unbscholar.lib.unb.ca/islandora/object/unbscholar:6212,https://unbscholar.lib.unb.ca/handle/1882/13634
https://unbscholar.lib.unb.ca/islandora/object/unbscholar:6508,https://unbscholar.lib.unb.ca/handle/1882/13229
https://unbscholar.lib.unb.ca/islandora/object/unbscholar:6520,https://unbscholar.lib.unb.ca/handle/1882/14578
https://unbscholar.lib.unb.ca/islandora/object/unbscholar:6546,https://unbscholar.lib.unb.ca/handle/1882/14000
https://unbscholar.lib.unb.ca/islandora/object/unbscholar:7090,https://unbscholar.lib.unb.ca/handle/1882/14068
https://unbscholar.lib.unb.ca/islandora/object/unbscholar:6572,https://unbscholar.lib.unb.ca/handle/1882/14399
https://unbscholar.lib.unb.ca/islandora/object/unbscholar:6180,https://unbscholar.lib.unb.ca/handle/1882/13535
https://unbscholar.lib.unb.ca/islandora/object/unbscholar:6525,https://unbscholar.lib.unb.ca/handle/1882/13955
https://unbscholar.lib.unb.ca/islandora/object/unbscholar:6207,https://unbscholar.lib.unb.ca/handle/1882/14179
https://unbscholar.lib.unb.ca/islandora/object/unbscholar:8266,https://unbscholar.lib.unb.ca/handle/1882/14591
https://unbscholar.lib.unb.ca/islandora/object/unbscholar:6616,https://unbscholar.lib.unb.ca/handle/1882/13742
https://unbscholar.lib.unb.ca/islandora/object/unbscholar:6603,https://unbscholar.lib.unb.ca/handle/1882/14291
https://unbscholar.lib.unb.ca/islandora/object/unbscholar:6451,https://unbscholar.lib.unb.ca/handle/1882/14112
https://unbscholar.lib.unb.ca/islandora/object/unbscholar:6169,https://unbscholar.lib.unb.ca/handle/1882/14131
https://unbscholar.lib.unb.ca/islandora/object/unbscholar:6462,https://unbscholar.lib.unb.ca/handle/1882/13854
https://unbscholar.lib.unb.ca/islandora/object/unbscholar:9406,https://unbscholar.lib.unb.ca/handle/1882/13728
https://unbscholar.lib.unb.ca/islandora/object/unbscholar:7031,https://unbscholar.lib.unb.ca/handle/1882/14321
https://unbscholar.lib.unb.ca/islandora/object/unbscholar:7116,https://unbscholar.lib.unb.ca/handle/1882/13179
https://unbscholar.lib.unb.ca/islandora/object/unbscholar:7681,https://unbscholar.lib.unb.ca/handle/1882/13315
https://unbscholar.lib.unb.ca/islandora/object/unbscholar:7041,https://unbscholar.lib.unb.ca/handle/1882/14474
https://unbscholar.lib.unb.ca/islandora/object/unbscholar:9103,https://unbscholar.lib.unb.ca/handle/1882/13567
https://unbscholar.lib.unb.ca/islandora/object/unbscholar:6459,https://unbscholar.lib.unb.ca/handle/1882/14044
https://unbscholar.lib.unb.ca/islandora/object/unbscholar:6551,https://unbscholar.lib.unb.ca/handle/1882/14051
https://unbscholar.lib.unb.ca/islandora/object/unbscholar:6211,https://unbscholar.lib.unb.ca/handle/1882/14142
https://unbscholar.lib.unb.ca/islandora/object/unbscholar:6553,https://unbscholar.lib.unb.ca/handle/1882/13874
https://unbscholar.lib.unb.ca/islandora/object/unbscholar:7070,https://unbscholar.lib.unb.ca/handle/1882/13834
https://unbscholar.lib.unb.ca/islandora/object/unbscholar:8307,https://unbscholar.lib.unb.ca/handle/1882/14615
https://unbscholar.lib.unb.ca/islandora/object/unbscholar:6509,https://unbscholar.lib.unb.ca/handle/1882/14346
https://unbscholar.lib.unb.ca/islandora/object/unbscholar:6422,https://unbscholar.lib.unb.ca/handle/1882/13597
https://unbscholar.lib.unb.ca/islandora/object/unbscholar:7036,https://unbscholar.lib.unb.ca/handle/1882/13739
https://unbscholar.lib.unb.ca/islandora/object/unbscholar:6524,https://unbscholar.lib.unb.ca/handle/1882/13821
https://unbscholar.lib.unb.ca/islandora/object/unbscholar:9402,https://unbscholar.lib.unb.ca/handle/1882/14187
https://unbscholar.lib.unb.ca/islandora/object/unbscholar:7677,https://unbscholar.lib.unb.ca/handle/1882/13678
https://unbscholar.lib.unb.ca/islandora/object/unbscholar:6500,https://unbscholar.lib.unb.ca/handle/1882/14427
https://unbscholar.lib.unb.ca/islandora/object/unbscholar:6533,https://unbscholar.lib.unb.ca/handle/1882/14476
https://unbscholar.lib.unb.ca/islandora/object/unbscholar:6482,https://unbscholar.lib.unb.ca/handle/1882/13224
https://unbscholar.lib.unb.ca/islandora/object/unbscholar:6543,https://unbscholar.lib.unb.ca/handle/1882/13939
https://unbscholar.lib.unb.ca/islandora/object/unbscholar:7072,https://unbscholar.lib.unb.ca/handle/1882/13963
https://unbscholar.lib.unb.ca/islandora/object/unbscholar:7091,https://unbscholar.lib.unb.ca/handle/1882/13710
https://unbscholar.lib.unb.ca/islandora/object/unbscholar:6450,https://unbscholar.lib.unb.ca/handle/1882/14202
https://unbscholar.lib.unb.ca/islandora/object/unbscholar:7030,https://unbscholar.lib.unb.ca/handle/1882/14496
https://unbscholar.lib.unb.ca/islandora/object/unbscholar:7039,https://unbscholar.lib.unb.ca/handle/1882/13958
https://unbscholar.lib.unb.ca/islandora/object/unbscholar:7678,https://unbscholar.lib.unb.ca/handle/1882/13533
https://unbscholar.lib.unb.ca/islandora/object/unbscholar:6587,https://unbscholar.lib.unb.ca/handle/1882/13186
https://unbscholar.lib.unb.ca/islandora/object/unbscholar:6547,https://unbscholar.lib.unb.ca/handle/1882/14531
https://unbscholar.lib.unb.ca/islandora/object/unbscholar:6419,https://unbscholar.lib.unb.ca/handle/1882/13718
https://unbscholar.lib.unb.ca/islandora/object/unbscholar:6506,https://unbscholar.lib.unb.ca/handle/1882/14431
https://unbscholar.lib.unb.ca/islandora/object/unbscholar:6437,https://unbscholar.lib.unb.ca/handle/1882/13195
https://unbscholar.lib.unb.ca/islandora/object/unbscholar:6507,https://unbscholar.lib.unb.ca/handle/1882/13349
https://unbscholar.lib.unb.ca/islandora/object/unbscholar:7042,https://unbscholar.lib.unb.ca/handle/1882/14491
https://unbscholar.lib.unb.ca/islandora/object/unbscholar:6210,https://unbscholar.lib.unb.ca/handle/1882/13674
https://unbscholar.lib.unb.ca/islandora/object/unbscholar:6221,https://unbscholar.lib.unb.ca/handle/1882/13835
https://unbscholar.lib.unb.ca/islandora/object/unbscholar:7001,https://unbscholar.lib.unb.ca/handle/1882/14095
https://unbscholar.lib.unb.ca/islandora/object/unbscholar:7045,https://unbscholar.lib.unb.ca/handle/1882/14606
https://unbscholar.lib.unb.ca/islandora/object/unbscholar:7049,https://unbscholar.lib.unb.ca/handle/1882/13474
https://unbscholar.lib.unb.ca/islandora/object/unbscholar:7093,https://unbscholar.lib.unb.ca/handle/1882/14128
https://unbscholar.lib.unb.ca/islandora/object/unbscholar:6220,https://unbscholar.lib.unb.ca/handle/1882/14115
https://unbscholar.lib.unb.ca/islandora/object/unbscholar:6499,https://unbscholar.lib.unb.ca/handle/1882/13477
https://unbscholar.lib.unb.ca/islandora/object/unbscholar:6588,https://unbscholar.lib.unb.ca/handle/1882/13547
https://unbscholar.lib.unb.ca/islandora/object/unbscholar:7067,https://unbscholar.lib.unb.ca/handle/1882/14122
https://unbscholar.lib.unb.ca/islandora/object/unbscholar:6521,https://unbscholar.lib.unb.ca/handle/1882/14270
https://unbscholar.lib.unb.ca/islandora/object/unbscholar:7032,https://unbscholar.lib.unb.ca/handle/1882/14252
https://unbscholar.lib.unb.ca/islandora/object/unbscholar:6219,https://unbscholar.lib.unb.ca/handle/1882/13715
https://unbscholar.lib.unb.ca/islandora/object/unbscholar:7040,https://unbscholar.lib.unb.ca/handle/1882/14492
https://unbscholar.lib.unb.ca/islandora/object/unbscholar:7048,https://unbscholar.lib.unb.ca/handle/1882/13197
https://unbscholar.lib.unb.ca/islandora/object/unbscholar:6540,https://unbscholar.lib.unb.ca/handle/1882/13654
https://unbscholar.lib.unb.ca/islandora/object/unbscholar:6545,https://unbscholar.lib.unb.ca/handle/1882/13291
https://unbscholar.lib.unb.ca/islandora/object/unbscholar:6461,https://unbscholar.lib.unb.ca/handle/1882/13609
https://unbscholar.lib.unb.ca/islandora/object/unbscholar:6526,https://unbscholar.lib.unb.ca/handle/1882/14469
https://unbscholar.lib.unb.ca/islandora/object/unbscholar:7071,https://unbscholar.lib.unb.ca/handle/1882/14536
https://unbscholar.lib.unb.ca/islandora/object/unbscholar:6544,https://unbscholar.lib.unb.ca/handle/1882/14145
https://unbscholar.lib.unb.ca/islandora/object/unbscholar:7046,https://unbscholar.lib.unb.ca/handle/1882/14288
https://unbscholar.lib.unb.ca/islandora/object/unbscholar:6601,https://unbscholar.lib.unb.ca/handle/1882/13782
https://unbscholar.lib.unb.ca/islandora/object/unbscholar:6503,https://unbscholar.lib.unb.ca/handle/1882/14303
https://unbscholar.lib.unb.ca/islandora/object/unbscholar:6187,https://unbscholar.lib.unb.ca/handle/1882/13407
https://unbscholar.lib.unb.ca/islandora/object/unbscholar:7038,https://unbscholar.lib.unb.ca/handle/1882/14078
https://unbscholar.lib.unb.ca/islandora/object/unbscholar:7003,https://unbscholar.lib.unb.ca/handle/1882/14592
https://unbscholar.lib.unb.ca/islandora/object/unbscholar:7084,https://unbscholar.lib.unb.ca/handle/1882/14421
https://unbscholar.lib.unb.ca/islandora/object/unbscholar:6528,https://unbscholar.lib.unb.ca/handle/1882/14315
https://unbscholar.lib.unb.ca/islandora/object/unbscholar:6600,https://unbscholar.lib.unb.ca/handle/1882/14020
https://unbscholar.lib.unb.ca/islandora/object/unbscholar:6582,https://unbscholar.lib.unb.ca/handle/1882/13907
https://unbscholar.lib.unb.ca/islandora/object/unbscholar:6536,https://unbscholar.lib.unb.ca/handle/1882/13936
https://unbscholar.lib.unb.ca/islandora/object/unbscholar:6510,https://unbscholar.lib.unb.ca/handle/1882/13268
https://unbscholar.lib.unb.ca/islandora/object/unbscholar:6905,https://unbscholar.lib.unb.ca/handle/1882/13206
https://unbscholar.lib.unb.ca/islandora/object/unbscholar:6552,https://unbscholar.lib.unb.ca/handle/1882/13462
https://unbscholar.lib.unb.ca/islandora/object/unbscholar:7043,https://unbscholar.lib.unb.ca/handle/1882/14378
https://unbscholar.lib.unb.ca/islandora/object/unbscholar:7037,https://unbscholar.lib.unb.ca/handle/1882/14109
https://unbscholar.lib.unb.ca/islandora/object/unbscholar:8308,https://unbscholar.lib.unb.ca/handle/1882/13898
https://unbscholar.lib.unb.ca/islandora/object/unbscholar:6527,https://unbscholar.lib.unb.ca/handle/1882/13950
https://unbscholar.lib.unb.ca/islandora/object/unbscholar:6532,https://unbscholar.lib.unb.ca/handle/1882/14377
https://unbscholar.lib.unb.ca/islandora/object/unbscholar:6511,https://unbscholar.lib.unb.ca/handle/1882/13822
https://unbscholar.lib.unb.ca/islandora/object/unbscholar:6218,https://unbscholar.lib.unb.ca/handle/1882/13760
https://unbscholar.lib.unb.ca/islandora/object/unbscholar:6566,https://unbscholar.lib.unb.ca/handle/1882/13558
https://unbscholar.lib.unb.ca/islandora/object/unbscholar:7680,https://unbscholar.lib.unb.ca/handle/1882/13216
https://unbscholar.lib.unb.ca/islandora/object/unbscholar:6522,https://unbscholar.lib.unb.ca/handle/1882/13413
https://unbscholar.lib.unb.ca/islandora/object/unbscholar:6792,https://unbscholar.lib.unb.ca/handle/1882/14486
https://unbscholar.lib.unb.ca/islandora/object/unbscholar:6901,https://unbscholar.lib.unb.ca/handle/1882/13140
https://unbscholar.lib.unb.ca/islandora/object/unbscholar:8073,https://unbscholar.lib.unb.ca/handle/1882/13421
https://unbscholar.lib.unb.ca/islandora/object/unbscholar:9083,https://unbscholar.lib.unb.ca/handle/1882/14542
https://unbscholar.lib.unb.ca/islandora/object/unbscholar:7959,https://unbscholar.lib.unb.ca/handle/1882/14133
https://unbscholar.lib.unb.ca/islandora/object/unbscholar:9073,https://unbscholar.lib.unb.ca/handle/1882/13870
https://unbscholar.lib.unb.ca/islandora/object/unbscholar:9064,https://unbscholar.lib.unb.ca/handle/1882/13204
https://unbscholar.lib.unb.ca/islandora/object/unbscholar:8316,https://unbscholar.lib.unb.ca/handle/1882/13633
https://unbscholar.lib.unb.ca/islandora/object/unbscholar:8100,https://unbscholar.lib.unb.ca/handle/1882/13891
https://unbscholar.lib.unb.ca/islandora/object/unbscholar:8275,https://unbscholar.lib.unb.ca/handle/1882/14017
https://unbscholar.lib.unb.ca/islandora/object/unbscholar:7085,https://unbscholar.lib.unb.ca/handle/1882/13592
https://unbscholar.lib.unb.ca/islandora/object/unbscholar:7068,https://unbscholar.lib.unb.ca/handle/1882/14139
https://unbscholar.lib.unb.ca/islandora/object/unbscholar:9109,https://unbscholar.lib.unb.ca/handle/1882/13614
https://unbscholar.lib.unb.ca/islandora/object/unbscholar:9077,https://unbscholar.lib.unb.ca/handle/1882/14450
https://unbscholar.lib.unb.ca/islandora/object/unbscholar:8267,https://unbscholar.lib.unb.ca/handle/1882/13740
https://unbscholar.lib.unb.ca/islandora/object/unbscholar:8315,https://unbscholar.lib.unb.ca/handle/1882/14567
https://unbscholar.lib.unb.ca/islandora/object/unbscholar:8312,https://unbscholar.lib.unb.ca/handle/1882/14015
https://unbscholar.lib.unb.ca/islandora/object/unbscholar:9422,https://unbscholar.lib.unb.ca/handle/1882/14458
https://unbscholar.lib.unb.ca/islandora/object/unbscholar:9416,https://unbscholar.lib.unb.ca/handle/1882/14544
https://unbscholar.lib.unb.ca/islandora/object/unbscholar:9368,https://unbscholar.lib.unb.ca/handle/1882/13263
https://unbscholar.lib.unb.ca/islandora/object/unbscholar:9439,https://unbscholar.lib.unb.ca/handle/1882/13846
https://unbscholar.lib.unb.ca/islandora/object/unbscholar:6573,https://unbscholar.lib.unb.ca/handle/1882/13904
https://unbscholar.lib.unb.ca/islandora/object/unbscholar:9438,https://unbscholar.lib.unb.ca/handle/1882/14060
https://unbscholar.lib.unb.ca/islandora/object/unbscholar:8007,https://unbscholar.lib.unb.ca/handle/1882/13245
https://unbscholar.lib.unb.ca/islandora/object/unbscholar:7679,https://unbscholar.lib.unb.ca/handle/1882/13431
https://unbscholar.lib.unb.ca/islandora/object/unbscholar:6418,https://unbscholar.lib.unb.ca/handle/1882/14162
https://unbscholar.lib.unb.ca/islandora/object/unbscholar:6602,https://unbscholar.lib.unb.ca/handle/1882/13546
https://unbscholar.lib.unb.ca/islandora/object/unbscholar:9110,https://unbscholar.lib.unb.ca/handle/1882/13227
https://unbscholar.lib.unb.ca/islandora/object/unbscholar:7682,https://unbscholar.lib.unb.ca/handle/1882/14176
https://unbscholar.lib.unb.ca/islandora/object/unbscholar:7166,https://unbscholar.lib.unb.ca/handle/1882/14376
https://unbscholar.lib.unb.ca/islandora/object/unbscholar:10050,https://unbscholar.lib.unb.ca/handle/1882/13288
https://unbscholar.lib.unb.ca/islandora/object/unbscholar:10053,https://unbscholar.lib.unb.ca/handle/1882/13559
https://unbscholar.lib.unb.ca/islandora/object/unbscholar:10052,https://unbscholar.lib.unb.ca/handle/1882/13172
https://unbscholar.lib.unb.ca/islandora/object/unbscholar:10054,https://unbscholar.lib.unb.ca/handle/1882/14276
https://unbscholar.lib.unb.ca/islandora/object/unbscholar:7165,https://unbscholar.lib.unb.ca/handle/1882/14361
https://unbscholar.lib.unb.ca/islandora/object/unbscholar:10056,https://unbscholar.lib.unb.ca/handle/1882/13864
https://unbscholar.lib.unb.ca/islandora/object/unbscholar:7729,https://unbscholar.lib.unb.ca/handle/1882/14093
https://unbscholar.lib.unb.ca/islandora/object/unbscholar:9987,https://unbscholar.lib.unb.ca/handle/1882/13620
https://unbscholar.lib.unb.ca/islandora/object/unbscholar:9977,https://unbscholar.lib.unb.ca/handle/1882/13859
https://unbscholar.lib.unb.ca/islandora/object/unbscholar:9998,https://unbscholar.lib.unb.ca/handle/1882/13380
https://unbscholar.lib.unb.ca/islandora/object/unbscholar:9995,https://unbscholar.lib.unb.ca/handle/1882/13497
https://unbscholar.lib.unb.ca/islandora/object/unbscholar:8290,https://unbscholar.lib.unb.ca/handle/1882/14157
https://unbscholar.lib.unb.ca/islandora/object/unbscholar:8016,https://unbscholar.lib.unb.ca/handle/1882/14228
https://unbscholar.lib.unb.ca/islandora/object/unbscholar:7741,https://unbscholar.lib.unb.ca/handle/1882/13198
https://unbscholar.lib.unb.ca/islandora/object/unbscholar:7974,https://unbscholar.lib.unb.ca/handle/1882/14052
https://unbscholar.lib.unb.ca/islandora/object/unbscholar:8013,https://unbscholar.lib.unb.ca/handle/1882/14564
https://unbscholar.lib.unb.ca/islandora/object/unbscholar:7002,https://unbscholar.lib.unb.ca/handle/1882/13714
https://unbscholar.lib.unb.ca/islandora/object/unbscholar:7640,https://unbscholar.lib.unb.ca/handle/1882/13945
https://unbscholar.lib.unb.ca/islandora/object/unbscholar:10008,https://unbscholar.lib.unb.ca/handle/1882/13879
https://unbscholar.lib.unb.ca/islandora/object/unbscholar:10007,https://unbscholar.lib.unb.ca/handle/1882/14447
https://unbscholar.lib.unb.ca/islandora/object/unbscholar:8252,https://unbscholar.lib.unb.ca/handle/1882/14481
https://unbscholar.lib.unb.ca/islandora/object/unbscholar:7740,https://unbscholar.lib.unb.ca/handle/1882/14299
https://unbscholar.lib.unb.ca/islandora/object/unbscholar:8143,https://unbscholar.lib.unb.ca/handle/1882/14098
https://unbscholar.lib.unb.ca/islandora/object/unbscholar:10074,https://unbscholar.lib.unb.ca/handle/1882/14134
https://unbscholar.lib.unb.ca/islandora/object/unbscholar:10018,https://unbscholar.lib.unb.ca/handle/1882/14384
https://unbscholar.lib.unb.ca/islandora/object/unbscholar:10014,https://unbscholar.lib.unb.ca/handle/1882/13251
https://unbscholar.lib.unb.ca/islandora/object/unbscholar:10019,https://unbscholar.lib.unb.ca/handle/1882/13630
https://unbscholar.lib.unb.ca/islandora/object/unbscholar:10023,https://unbscholar.lib.unb.ca/handle/1882/13428
https://unbscholar.lib.unb.ca/islandora/object/unbscholar:7697,https://unbscholar.lib.unb.ca/handle/1882/14245
https://unbscholar.lib.unb.ca/islandora/object/unbscholar:10016,https://unbscholar.lib.unb.ca/handle/1882/13529
https://unbscholar.lib.unb.ca/islandora/object/unbscholar:10024,https://unbscholar.lib.unb.ca/handle/1882/13155
https://unbscholar.lib.unb.ca/islandora/object/unbscholar:8072,https://unbscholar.lib.unb.ca/handle/1882/14150
https://unbscholar.lib.unb.ca/islandora/object/unbscholar:10038,https://unbscholar.lib.unb.ca/handle/1882/14468
https://unbscholar.lib.unb.ca/islandora/object/unbscholar:8128,https://unbscholar.lib.unb.ca/handle/1882/13814
https://unbscholar.lib.unb.ca/islandora/object/unbscholar:9385,https://unbscholar.lib.unb.ca/handle/1882/13587
https://unbscholar.lib.unb.ca/islandora/object/unbscholar:7098,https://unbscholar.lib.unb.ca/handle/1882/13128
https://unbscholar.lib.unb.ca/islandora/object/unbscholar:8446,https://unbscholar.lib.unb.ca/handle/1882/14465
https://unbscholar.lib.unb.ca/islandora/object/unbscholar:9976,https://unbscholar.lib.unb.ca/handle/1882/13164
https://unbscholar.lib.unb.ca/islandora/object/unbscholar:8033,https://unbscholar.lib.unb.ca/handle/1882/14191
https://unbscholar.lib.unb.ca/islandora/object/unbscholar:9964,https://unbscholar.lib.unb.ca/handle/1882/13335
https://unbscholar.lib.unb.ca/islandora/object/unbscholar:9992,https://unbscholar.lib.unb.ca/handle/1882/13876
https://unbscholar.lib.unb.ca/islandora/object/unbscholar:9994,https://unbscholar.lib.unb.ca/handle/1882/13323
https://unbscholar.lib.unb.ca/islandora/object/unbscholar:9993,https://unbscholar.lib.unb.ca/handle/1882/14185
https://unbscholar.lib.unb.ca/islandora/object/unbscholar:10049,https://unbscholar.lib.unb.ca/handle/1882/13373
https://unbscholar.lib.unb.ca/islandora/object/unbscholar:10048,https://unbscholar.lib.unb.ca/handle/1882/13570
https://unbscholar.lib.unb.ca/islandora/object/unbscholar:10042,https://unbscholar.lib.unb.ca/handle/1882/14083
https://unbscholar.lib.unb.ca/islandora/object/unbscholar:10045,https://unbscholar.lib.unb.ca/handle/1882/13784
https://unbscholar.lib.unb.ca/islandora/object/unbscholar:8260,https://unbscholar.lib.unb.ca/handle/1882/14042
https://unbscholar.lib.unb.ca/islandora/object/unbscholar:6580,https://unbscholar.lib.unb.ca/handle/1882/13946
https://unbscholar.lib.unb.ca/islandora/object/unbscholar:6554,https://unbscholar.lib.unb.ca/handle/1882/13797
https://unbscholar.lib.unb.ca/islandora/object/unbscholar:7118,https://unbscholar.lib.unb.ca/handle/1882/13520
https://unbscholar.lib.unb.ca/islandora/object/unbscholar:7728,https://unbscholar.lib.unb.ca/handle/1882/13608
https://unbscholar.lib.unb.ca/islandora/object/unbscholar:9441,https://unbscholar.lib.unb.ca/handle/1882/14327
https://unbscholar.lib.unb.ca/islandora/object/unbscholar:8121,https://unbscholar.lib.unb.ca/handle/1882/14272
https://unbscholar.lib.unb.ca/islandora/object/unbscholar:9379,https://unbscholar.lib.unb.ca/handle/1882/13540
https://unbscholar.lib.unb.ca/islandora/object/unbscholar:9090,https://unbscholar.lib.unb.ca/handle/1882/14419
https://unbscholar.lib.unb.ca/islandora/object/unbscholar:7656,https://unbscholar.lib.unb.ca/handle/1882/13479
https://unbscholar.lib.unb.ca/islandora/object/unbscholar:8021,https://unbscholar.lib.unb.ca/handle/1882/14124
https://unbscholar.lib.unb.ca/islandora/object/unbscholar:7153,https://unbscholar.lib.unb.ca/handle/1882/13785
https://unbscholar.lib.unb.ca/islandora/object/unbscholar:7657,https://unbscholar.lib.unb.ca/handle/1882/13655
https://unbscholar.lib.unb.ca/islandora/object/unbscholar:7725,https://unbscholar.lib.unb.ca/handle/1882/13223
https://unbscholar.lib.unb.ca/islandora/object/unbscholar:6574,https://unbscholar.lib.unb.ca/handle/1882/13765
https://unbscholar.lib.unb.ca/islandora/object/unbscholar:7879,https://unbscholar.lib.unb.ca/handle/1882/14350
https://unbscholar.lib.unb.ca/islandora/object/unbscholar:9168,https://unbscholar.lib.unb.ca/handle/1882/13645
https://unbscholar.lib.unb.ca/islandora/object/unbscholar:7969,https://unbscholar.lib.unb.ca/handle/1882/13698
https://unbscholar.lib.unb.ca/islandora/object/unbscholar:6929,https://unbscholar.lib.unb.ca/handle/1882/14586
https://unbscholar.lib.unb.ca/islandora/object/unbscholar:8077,https://unbscholar.lib.unb.ca/handle/1882/13411
https://unbscholar.lib.unb.ca/islandora/object/unbscholar:7699,https://unbscholar.lib.unb.ca/handle/1882/14443
https://unbscholar.lib.unb.ca/islandora/object/unbscholar:9440,https://unbscholar.lib.unb.ca/handle/1882/13837
https://unbscholar.lib.unb.ca/islandora/object/unbscholar:8076,https://unbscholar.lib.unb.ca/handle/1882/13741
https://unbscholar.lib.unb.ca/islandora/object/unbscholar:7125,https://unbscholar.lib.unb.ca/handle/1882/14559
https://unbscholar.lib.unb.ca/islandora/object/unbscholar:7708,https://unbscholar.lib.unb.ca/handle/1882/14527
https://unbscholar.lib.unb.ca/islandora/object/unbscholar:8085,https://unbscholar.lib.unb.ca/handle/1882/14558
https://unbscholar.lib.unb.ca/islandora/object/unbscholar:8005,https://unbscholar.lib.unb.ca/handle/1882/14437
https://unbscholar.lib.unb.ca/islandora/object/unbscholar:6575,https://unbscholar.lib.unb.ca/handle/1882/13856
https://unbscholar.lib.unb.ca/islandora/object/unbscholar:6578,https://unbscholar.lib.unb.ca/handle/1882/14551
https://unbscholar.lib.unb.ca/islandora/object/unbscholar:6423,https://unbscholar.lib.unb.ca/handle/1882/13866
https://unbscholar.lib.unb.ca/islandora/object/unbscholar:10081,https://unbscholar.lib.unb.ca/handle/1882/13848
https://unbscholar.lib.unb.ca/islandora/object/unbscholar:10082,https://unbscholar.lib.unb.ca/handle/1882/13886
https://unbscholar.lib.unb.ca/islandora/object/unbscholar:10075,https://unbscholar.lib.unb.ca/handle/1882/14426
https://unbscholar.lib.unb.ca/islandora/object/unbscholar:10087,https://unbscholar.lib.unb.ca/handle/1882/14328
https://unbscholar.lib.unb.ca/islandora/object/unbscholar:10092,https://unbscholar.lib.unb.ca/handle/1882/13406
https://unbscholar.lib.unb.ca/islandora/object/unbscholar:10088,https://unbscholar.lib.unb.ca/handle/1882/13832
https://unbscholar.lib.unb.ca/islandora/object/unbscholar:10086,https://unbscholar.lib.unb.ca/handle/1882/14371
https://unbscholar.lib.unb.ca/islandora/object/unbscholar:10091,https://unbscholar.lib.unb.ca/handle/1882/13549
https://unbscholar.lib.unb.ca/islandora/object/unbscholar:7142,https://unbscholar.lib.unb.ca/handle/1882/13647
https://unbscholar.lib.unb.ca/islandora/object/unbscholar:10093,https://unbscholar.lib.unb.ca/handle/1882/13534
https://unbscholar.lib.unb.ca/islandora/object/unbscholar:10094,https://unbscholar.lib.unb.ca/handle/1882/14016
https://unbscholar.lib.unb.ca/islandora/object/unbscholar:9357,https://unbscholar.lib.unb.ca/handle/1882/13960
https://unbscholar.lib.unb.ca/islandora/object/unbscholar:9359,https://unbscholar.lib.unb.ca/handle/1882/14444
https://unbscholar.lib.unb.ca/islandora/object/unbscholar:9356,https://unbscholar.lib.unb.ca/handle/1882/13745
https://unbscholar.lib.unb.ca/islandora/object/unbscholar:9355,https://unbscholar.lib.unb.ca/handle/1882/13519
https://unbscholar.lib.unb.ca/islandora/object/unbscholar:10111,https://unbscholar.lib.unb.ca/handle/1882/14211
https://unbscholar.lib.unb.ca/islandora/object/unbscholar:10155,https://unbscholar.lib.unb.ca/handle/1882/13476
https://unbscholar.lib.unb.ca/islandora/object/unbscholar:10146,https://unbscholar.lib.unb.ca/handle/1882/13676
https://unbscholar.lib.unb.ca/islandora/object/unbscholar:10157,https://unbscholar.lib.unb.ca/handle/1882/14200
https://unbscholar.lib.unb.ca/islandora/object/unbscholar:10154,https://unbscholar.lib.unb.ca/handle/1882/13321
https://unbscholar.lib.unb.ca/islandora/object/unbscholar:10161,https://unbscholar.lib.unb.ca/handle/1882/14165
https://unbscholar.lib.unb.ca/islandora/object/unbscholar:10171,https://unbscholar.lib.unb.ca/handle/1882/13403
https://unbscholar.lib.unb.ca/islandora/object/unbscholar:10156,https://unbscholar.lib.unb.ca/handle/1882/13656
https://unbscholar.lib.unb.ca/islandora/object/unbscholar:10177,https://unbscholar.lib.unb.ca/handle/1882/14397
https://unbscholar.lib.unb.ca/islandora/object/unbscholar:10174,https://unbscholar.lib.unb.ca/handle/1882/14005
https://unbscholar.lib.unb.ca/islandora/object/unbscholar:10176,https://unbscholar.lib.unb.ca/handle/1882/14323
https://unbscholar.lib.unb.ca/islandora/object/unbscholar:10223,https://unbscholar.lib.unb.ca/handle/1882/13791
https://unbscholar.lib.unb.ca/islandora/object/unbscholar:10237,https://unbscholar.lib.unb.ca/handle/1882/13648
https://unbscholar.lib.unb.ca/islandora/object/unbscholar:10233,https://unbscholar.lib.unb.ca/handle/1882/14353
https://unbscholar.lib.unb.ca/islandora/object/unbscholar:10234,https://unbscholar.lib.unb.ca/handle/1882/14189
https://unbscholar.lib.unb.ca/islandora/object/unbscholar:10219,https://unbscholar.lib.unb.ca/handle/1882/14003
https://unbscholar.lib.unb.ca/islandora/object/unbscholar:10226,https://unbscholar.lib.unb.ca/handle/1882/14232
https://unbscholar.lib.unb.ca/islandora/object/unbscholar:10235,https://unbscholar.lib.unb.ca/handle/1882/14314
https://unbscholar.lib.unb.ca/islandora/object/unbscholar:10236,https://unbscholar.lib.unb.ca/handle/1882/14286
https://unbscholar.lib.unb.ca/islandora/object/unbscholar:10253,https://unbscholar.lib.unb.ca/handle/1882/13445
https://unbscholar.lib.unb.ca/islandora/object/unbscholar:10173,https://unbscholar.lib.unb.ca/handle/1882/13483
https://unbscholar.lib.unb.ca/islandora/object/unbscholar:10189,https://unbscholar.lib.unb.ca/handle/1882/14031
https://unbscholar.lib.unb.ca/islandora/object/unbscholar:10196,https://unbscholar.lib.unb.ca/handle/1882/13786
https://unbscholar.lib.unb.ca/islandora/object/unbscholar:10194,https://unbscholar.lib.unb.ca/handle/1882/13191
https://unbscholar.lib.unb.ca/islandora/object/unbscholar:10191,https://unbscholar.lib.unb.ca/handle/1882/14497
https://unbscholar.lib.unb.ca/islandora/object/unbscholar:10192,https://unbscholar.lib.unb.ca/handle/1882/13144
https://unbscholar.lib.unb.ca/islandora/object/unbscholar:10193,https://unbscholar.lib.unb.ca/handle/1882/14256
https://unbscholar.lib.unb.ca/islandora/object/unbscholar:10147,https://unbscholar.lib.unb.ca/handle/1882/13993
https://unbscholar.lib.unb.ca/islandora/object/unbscholar:8079,https://unbscholar.lib.unb.ca/handle/1882/14089
https://unbscholar.lib.unb.ca/islandora/object/unbscholar:10143,https://unbscholar.lib.unb.ca/handle/1882/13541
https://unbscholar.lib.unb.ca/islandora/object/unbscholar:10142,https://unbscholar.lib.unb.ca/handle/1882/13783
https://unbscholar.lib.unb.ca/islandora/object/unbscholar:10139,https://unbscholar.lib.unb.ca/handle/1882/13646
https://unbscholar.lib.unb.ca/islandora/object/unbscholar:10145,https://unbscholar.lib.unb.ca/handle/1882/13292
https://unbscholar.lib.unb.ca/islandora/object/unbscholar:9361,https://unbscholar.lib.unb.ca/handle/1882/13590
https://unbscholar.lib.unb.ca/islandora/object/unbscholar:10153,https://unbscholar.lib.unb.ca/handle/1882/14487
https://unbscholar.lib.unb.ca/islandora/object/unbscholar:9360,https://unbscholar.lib.unb.ca/handle/1882/14393
https://unbscholar.lib.unb.ca/islandora/object/unbscholar:10144,https://unbscholar.lib.unb.ca/handle/1882/14520
https://unbscholar.lib.unb.ca/islandora/object/unbscholar:10150,https://unbscholar.lib.unb.ca/handle/1882/14318
https://unbscholar.lib.unb.ca/islandora/object/unbscholar:10149,https://unbscholar.lib.unb.ca/handle/1882/14546
https://unbscholar.lib.unb.ca/islandora/object/unbscholar:10148,https://unbscholar.lib.unb.ca/handle/1882/14198
https://unbscholar.lib.unb.ca/islandora/object/unbscholar:10151,https://unbscholar.lib.unb.ca/handle/1882/14119
https://unbscholar.lib.unb.ca/islandora/object/unbscholar:10159,https://unbscholar.lib.unb.ca/handle/1882/13555
https://unbscholar.lib.unb.ca/islandora/object/unbscholar:10160,https://unbscholar.lib.unb.ca/handle/1882/14274
https://unbscholar.lib.unb.ca/islandora/object/unbscholar:10152,https://unbscholar.lib.unb.ca/handle/1882/14600
https://unbscholar.lib.unb.ca/islandora/object/unbscholar:10190,https://unbscholar.lib.unb.ca/handle/1882/13532
https://unbscholar.lib.unb.ca/islandora/object/unbscholar:10197,https://unbscholar.lib.unb.ca/handle/1882/14516
https://unbscholar.lib.unb.ca/islandora/object/unbscholar:10204,https://unbscholar.lib.unb.ca/handle/1882/13384
https://unbscholar.lib.unb.ca/islandora/object/unbscholar:10198,https://unbscholar.lib.unb.ca/handle/1882/14539
https://unbscholar.lib.unb.ca/islandora/object/unbscholar:10195,https://unbscholar.lib.unb.ca/handle/1882/13237
https://unbscholar.lib.unb.ca/islandora/object/unbscholar:10199,https://unbscholar.lib.unb.ca/handle/1882/14535
https://unbscholar.lib.unb.ca/islandora/object/unbscholar:10112,https://unbscholar.lib.unb.ca/handle/1882/13511
https://unbscholar.lib.unb.ca/islandora/object/unbscholar:9353,https://unbscholar.lib.unb.ca/handle/1882/14221
https://unbscholar.lib.unb.ca/islandora/object/unbscholar:10207,https://unbscholar.lib.unb.ca/handle/1882/14554
https://unbscholar.lib.unb.ca/islandora/object/unbscholar:10211,https://unbscholar.lib.unb.ca/handle/1882/13697
https://unbscholar.lib.unb.ca/islandora/object/unbscholar:10201,https://unbscholar.lib.unb.ca/handle/1882/13922
https://unbscholar.lib.unb.ca/islandora/object/unbscholar:10200,https://unbscholar.lib.unb.ca/handle/1882/13439
https://unbscholar.lib.unb.ca/islandora/object/unbscholar:10213,https://unbscholar.lib.unb.ca/handle/1882/13867
https://unbscholar.lib.unb.ca/islandora/object/unbscholar:10209,https://unbscholar.lib.unb.ca/handle/1882/14548
https://unbscholar.lib.unb.ca/islandora/object/unbscholar:10206,https://unbscholar.lib.unb.ca/handle/1882/14246
https://unbscholar.lib.unb.ca/islandora/object/unbscholar:10205,https://unbscholar.lib.unb.ca/handle/1882/13812
https://unbscholar.lib.unb.ca/islandora/object/unbscholar:10218,https://unbscholar.lib.unb.ca/handle/1882/14362
https://unbscholar.lib.unb.ca/islandora/object/unbscholar:10249,https://unbscholar.lib.unb.ca/handle/1882/14243
https://unbscholar.lib.unb.ca/islandora/object/unbscholar:10248,https://unbscholar.lib.unb.ca/handle/1882/13182
https://unbscholar.lib.unb.ca/islandora/object/unbscholar:10247,https://unbscholar.lib.unb.ca/handle/1882/13332
https://unbscholar.lib.unb.ca/islandora/object/unbscholar:10246,https://unbscholar.lib.unb.ca/handle/1882/14233
https://unbscholar.lib.unb.ca/islandora/object/unbscholar:10250,https://unbscholar.lib.unb.ca/handle/1882/14514
https://unbscholar.lib.unb.ca/islandora/object/unbscholar:10221,https://unbscholar.lib.unb.ca/handle/1882/13812
https://unbscholar.lib.unb.ca/islandora/object/unbscholar:10202,https://unbscholar.lib.unb.ca/handle/1882/13743
https://unbscholar.lib.unb.ca/islandora/object/unbscholar:10208,https://unbscholar.lib.unb.ca/handle/1882/13388
https://unbscholar.lib.unb.ca/islandora/object/unbscholar:10214,https://unbscholar.lib.unb.ca/handle/1882/13844
https://unbscholar.lib.unb.ca/islandora/object/unbscholar:10210,https://unbscholar.lib.unb.ca/handle/1882/13668
https://unbscholar.lib.unb.ca/islandora/object/unbscholar:10222,https://unbscholar.lib.unb.ca/handle/1882/13400
https://unbscholar.lib.unb.ca/islandora/object/unbscholar:10217,https://unbscholar.lib.unb.ca/handle/1882/14418
https://unbscholar.lib.unb.ca/islandora/object/unbscholar:10212,https://unbscholar.lib.unb.ca/handle/1882/13780
https://unbscholar.lib.unb.ca/islandora/object/unbscholar:6537,https://unbscholar.lib.unb.ca/handle/1882/13194
https://unbscholar.lib.unb.ca/islandora/object/unbscholar:10229,https://unbscholar.lib.unb.ca/handle/1882/13621
https://unbscholar.lib.unb.ca/islandora/object/unbscholar:9075,https://unbscholar.lib.unb.ca/handle/1882/13185
https://unbscholar.lib.unb.ca/islandora/object/unbscholar:9405,https://unbscholar.lib.unb.ca/handle/1882/13537
https://unbscholar.lib.unb.ca/islandora/object/unbscholar:10267,https://unbscholar.lib.unb.ca/handle/1882/13841
https://unbscholar.lib.unb.ca/islandora/object/unbscholar:10262,https://unbscholar.lib.unb.ca/handle/1882/14445
https://unbscholar.lib.unb.ca/islandora/object/unbscholar:7971,https://unbscholar.lib.unb.ca/handle/1882/13151
https://unbscholar.lib.unb.ca/islandora/object/unbscholar:10261,https://unbscholar.lib.unb.ca/handle/1882/13514
https://unbscholar.lib.unb.ca/islandora/object/unbscholar:10265,https://unbscholar.lib.unb.ca/handle/1882/13276
https://unbscholar.lib.unb.ca/islandora/object/unbscholar:9254,https://unbscholar.lib.unb.ca/handle/1882/14043
https://unbscholar.lib.unb.ca/islandora/object/unbscholar:7981,https://unbscholar.lib.unb.ca/handle/1882/13610
https://unbscholar.lib.unb.ca/islandora/object/unbscholar:7627,https://unbscholar.lib.unb.ca/handle/1882/14152
https://unbscholar.lib.unb.ca/islandora/object/unbscholar:7734,https://unbscholar.lib.unb.ca/handle/1882/13437
https://unbscholar.lib.unb.ca/islandora/object/unbscholar:9517,https://unbscholar.lib.unb.ca/handle/1882/14241
https://unbscholar.lib.unb.ca/islandora/object/unbscholar:9366,https://unbscholar.lib.unb.ca/handle/1882/13933
https://unbscholar.lib.unb.ca/islandora/object/unbscholar:7980,https://unbscholar.lib.unb.ca/handle/1882/13860
https://unbscholar.lib.unb.ca/islandora/object/unbscholar:9159,https://unbscholar.lib.unb.ca/handle/1882/13430
https://unbscholar.lib.unb.ca/islandora/object/unbscholar:7905,https://unbscholar.lib.unb.ca/handle/1882/14065
https://unbscholar.lib.unb.ca/islandora/object/unbscholar:10239,https://unbscholar.lib.unb.ca/handle/1882/13921
https://unbscholar.lib.unb.ca/islandora/object/unbscholar:10254,https://unbscholar.lib.unb.ca/handle/1882/13716
https://unbscholar.lib.unb.ca/islandora/object/unbscholar:10257,https://unbscholar.lib.unb.ca/handle/1882/14345
https://unbscholar.lib.unb.ca/islandora/object/unbscholar:10258,https://unbscholar.lib.unb.ca/handle/1882/14061
https://unbscholar.lib.unb.ca/islandora/object/unbscholar:10259,https://unbscholar.lib.unb.ca/handle/1882/14257
https://unbscholar.lib.unb.ca/islandora/object/unbscholar:10255,https://unbscholar.lib.unb.ca/handle/1882/14396
https://unbscholar.lib.unb.ca/islandora/object/unbscholar:10256,https://unbscholar.lib.unb.ca/handle/1882/13338
https://unbscholar.lib.unb.ca/islandora/object/unbscholar:9314,https://unbscholar.lib.unb.ca/handle/1882/13202
https://unbscholar.lib.unb.ca/islandora/object/unbscholar:9981,https://unbscholar.lib.unb.ca/handle/1882/13405
https://unbscholar.lib.unb.ca/islandora/object/unbscholar:6937,https://unbscholar.lib.unb.ca/handle/1882/14266
https://unbscholar.lib.unb.ca/islandora/object/unbscholar:10044,https://unbscholar.lib.unb.ca/handle/1882/14518
https://unbscholar.lib.unb.ca/islandora/object/unbscholar:10000,https://unbscholar.lib.unb.ca/handle/1882/13429
https://unbscholar.lib.unb.ca/islandora/object/unbscholar:10006,https://unbscholar.lib.unb.ca/handle/1882/14562
https://unbscholar.lib.unb.ca/islandora/object/unbscholar:7107,https://unbscholar.lib.unb.ca/handle/1882/13865
https://unbscholar.lib.unb.ca/islandora/object/unbscholar:9158,https://unbscholar.lib.unb.ca/handle/1882/13831
https://unbscholar.lib.unb.ca/islandora/object/unbscholar:10260,https://unbscholar.lib.unb.ca/handle/1882/14168
https://unbscholar.lib.unb.ca/islandora/object/unbscholar:7664,https://unbscholar.lib.unb.ca/handle/1882/13311
https://unbscholar.lib.unb.ca/islandora/object/unbscholar:10047,https://unbscholar.lib.unb.ca/handle/1882/13254
https://unbscholar.lib.unb.ca/islandora/object/unbscholar:10036,https://unbscholar.lib.unb.ca/handle/1882/14515
https://unbscholar.lib.unb.ca/islandora/object/unbscholar:9984,https://unbscholar.lib.unb.ca/handle/1882/13769
https://unbscholar.lib.unb.ca/islandora/object/unbscholar:10003,https://unbscholar.lib.unb.ca/handle/1882/13667
https://unbscholar.lib.unb.ca/islandora/object/unbscholar:10055,https://unbscholar.lib.unb.ca/handle/1882/14609
https://unbscholar.lib.unb.ca/islandora/object/unbscholar:10220,https://unbscholar.lib.unb.ca/handle/1882/14433
https://unbscholar.lib.unb.ca/islandora/object/unbscholar:10203,https://unbscholar.lib.unb.ca/handle/1882/14271
https://unbscholar.lib.unb.ca/islandora/object/unbscholar:10224,https://unbscholar.lib.unb.ca/handle/1882/14408
https://unbscholar.lib.unb.ca/islandora/object/unbscholar:10232,https://unbscholar.lib.unb.ca/handle/1882/13249
https://unbscholar.lib.unb.ca/islandora/object/unbscholar:10231,https://unbscholar.lib.unb.ca/handle/1882/14529
https://unbscholar.lib.unb.ca/islandora/object/unbscholar:10230,https://unbscholar.lib.unb.ca/handle/1882/13372
https://unbscholar.lib.unb.ca/islandora/object/unbscholar:9389,https://unbscholar.lib.unb.ca/handle/1882/14231
https://unbscholar.lib.unb.ca/islandora/object/unbscholar:7021,https://unbscholar.lib.unb.ca/handle/1882/13232
https://unbscholar.lib.unb.ca/islandora/object/unbscholar:10251,https://unbscholar.lib.unb.ca/handle/1882/14058
https://unbscholar.lib.unb.ca/islandora/object/unbscholar:7092,https://unbscholar.lib.unb.ca/handle/1882/13923
https://unbscholar.lib.unb.ca/islandora/object/unbscholar:10040,https://unbscholar.lib.unb.ca/handle/1882/14130
https://unbscholar.lib.unb.ca/islandora/object/unbscholar:7614,https://unbscholar.lib.unb.ca/handle/1882/13283
https://unbscholar.lib.unb.ca/islandora/object/unbscholar:7625,https://unbscholar.lib.unb.ca/handle/1882/14204
https://unbscholar.lib.unb.ca/islandora/object/unbscholar:7624,https://unbscholar.lib.unb.ca/handle/1882/13944
https://unbscholar.lib.unb.ca/islandora/object/unbscholar:7190,https://unbscholar.lib.unb.ca/handle/1882/13162
https://unbscholar.lib.unb.ca/islandora/object/unbscholar:7978,https://unbscholar.lib.unb.ca/handle/1882/14461
https://unbscholar.lib.unb.ca/islandora/object/unbscholar:7167,https://unbscholar.lib.unb.ca/handle/1882/13449
https://unbscholar.lib.unb.ca/islandora/object/unbscholar:7168,https://unbscholar.lib.unb.ca/handle/1882/13133
https://unbscholar.lib.unb.ca/islandora/object/unbscholar:8023,https://unbscholar.lib.unb.ca/handle/1882/14456
